-- MySQL dump 10.13  Distrib 8.0.21, for Win64 (x86_64)
--
-- Host: k7a402.p.ssafy.io    Database: hoodies
-- ------------------------------------------------------
-- Server version	8.0.31

/*!40101 SET @OLD_CHARACTER_SET_CLIENT=@@CHARACTER_SET_CLIENT */;
/*!40101 SET @OLD_CHARACTER_SET_RESULTS=@@CHARACTER_SET_RESULTS */;
/*!40101 SET @OLD_COLLATION_CONNECTION=@@COLLATION_CONNECTION */;
/*!50503 SET NAMES utf8 */;
/*!40103 SET @OLD_TIME_ZONE=@@TIME_ZONE */;
/*!40103 SET TIME_ZONE='+00:00' */;
/*!40014 SET @OLD_UNIQUE_CHECKS=@@UNIQUE_CHECKS, UNIQUE_CHECKS=0 */;
/*!40014 SET @OLD_FOREIGN_KEY_CHECKS=@@FOREIGN_KEY_CHECKS, FOREIGN_KEY_CHECKS=0 */;
/*!40101 SET @OLD_SQL_MODE=@@SQL_MODE, SQL_MODE='NO_AUTO_VALUE_ON_ZERO' */;
/*!40111 SET @OLD_SQL_NOTES=@@SQL_NOTES, SQL_NOTES=0 */;

--
-- Table structure for table `user`
--

DROP TABLE IF EXISTS `user`;
/*!40101 SET @saved_cs_client     = @@character_set_client */;
/*!50503 SET character_set_client = utf8mb4 */;
CREATE TABLE `user` (
  `email` varchar(255) NOT NULL,
  `nickname` varchar(255) DEFAULT NULL,
  `password` varchar(255) DEFAULT NULL,
  `salt` varchar(8) DEFAULT NULL,
  `role` varchar(255) DEFAULT NULL,
  PRIMARY KEY (`email`)
) ENGINE=InnoDB DEFAULT CHARSET=utf8mb4 COLLATE=utf8mb4_0900_ai_ci;
/*!40101 SET character_set_client = @saved_cs_client */;

--
-- Dumping data for table `user`
--

LOCK TABLES `user` WRITE;
/*!40000 ALTER TABLE `user` DISABLE KEYS */;
INSERT INTO `user` VALUES ('5032303000@naver.com','2rri','6c79ae7d95cace8884a4c2bbc0098dccd164145f7673ee014a87a156025907f5','rtVRq2Mn','ROLE_USER'),('7gi_coach04@ssafy.com','피나코','d513909a5bf93af52ea761c8a5583dc1029e8e31536f002e71135f83cbf7bd4e','MPcsNip8','ROLE_USER'),('7gi_coach05@ssafy.com','뇸','823520b0d93824b14a45bca98493faa8a945fa37e88f5dc56329970d818dac8a','qxrGWGj9','ROLE_USER'),('7gi_coach06@ssafy.com','김코치','04c2252cb5efff88288259c581dedaec6a7967b8815ab30ab39a0707c95629a2','g3u6DNnQ','ROLE_USER'),('7gi_coach08@ssafy.com','Hyunwoo','a4fea2d217e4640f480e081e090da91cf4f95e34880936c8eff3958d6e426c44','hbn5kzjU','ROLE_USER'),('7gi_coach10@ssafy.com','1','015ba93bbfe31f8fc323e88fc26bf297480838ebf0c0e7aff75639f1a1a433ca','gmoFnMdV','ROLE_USER'),('7gi_coach11@ssafy.com','월월','e68f130a17de13c55c81b8a132b0e4704a414b35d99d1aabd275c063c08456a8','0ObGvpaZ','ROLE_USER'),('7gi_coach12@ssafy.com','장효정도둑','2b1065a36c8167d2fa2643586bd299b3b69350248372e44663eebe2a91fd8770','bmCFWEs8','ROLE_USER'),('admin','admin','5bf5e3f2be203e021fc462056c0a6151f46a7ba0397d14bde3ce860f1413fbbd','OLidZebT','ROLE_ADMIN'),('administrator','administrator','8a68cbbf6eb73809e9aff54e8c5e6efd2843ddddf42f1f25466840d51f12fa37','orO5LSOU','ROLE_USER'),('adokids2@gmail.com','요시롱','d54c1e4634a2bedf534f741fcce466e9f97919c03f93e8809a23c8e02aee3c7d','ij5WIfUR','ROLE_USER'),('aklsjd7380@naver.com','이히도','a76dd2c33df7cdd4c0e3b5ec08a8e56dba03f148e07388788b7b8db94a686177','klsOPdeh','ROLE_USER'),('arza@naver.com','역삼역1번출구','03c1d2b6921bfc2b37db2f8412e943e06f822de8ad1e1e1b38263fff2c6485b6','pj3IE6FE','ROLE_USER'),('bem2183@naver.com','이재용','1bc562da3f0a30779c6a6f0121968b8c6f33ac9e38d7e5aaa9160b702e7c95b5','Gi0M6As9','ROLE_USER'),('bljh1008@naver.com','hrookim','0a136c2cb60d71abbc64b1afe0099d89fd22f01af93cc6214fdecb69bb821c3d','LZAuTKxA','ROLE_USER'),('bona17@naver.com','aa','14ad0f9803bf869bb1203846918832ad3f0add2a901908e2db67b747ae991e04','TvM91vpJ','ROLE_USER'),('chaemj97@gmail.com','나는민지','e1ed5c28f3e91ae66385955bf8bb75da18c9d1ddd3a4e60de5fe584bbffca3f0','Tgx7SnYI','ROLE_USER'),('coolihans@naver.com','안현모','3519383becbe01901877dfcb6b8e2c45a136b1c6c91c008f9c211dab4d5dd347','SDIwIJn0','ROLE_USER'),('dannba1@naver.com','우짱','6b0364d89ec13915b9163f1255fe545266ca3582413fb385092752d7056a6eca','11XuEvfm','ROLE_USER'),('dheldh20@gmail.com','dheldh2-','9e2b683c59539da07f492df0319af73dced109fe254b84630cf4903bf54c104a','RBWSR3WR','ROLE_USER'),('dksk1233@naver.com','강병국','1e55c531fe2b981c7d4cfc43174d26bb7b8ce25f00686b61fd196b0c0d0fe307','cKX85NAC','ROLE_USER'),('dlghdwn10@naver.com','honghong','67269f19400c08280f63c710c6fbd75737e6aa91daf9d422597d264c9c543e59','kmJOaXlD','ROLE_USER'),('ducky_313@naver.com','melong','83794a4df35562bf754f86223e46d122cb9420b38b690da044cb7eb356e2ec59','aOtTJ8uZ','ROLE_USER'),('dyl1229@naver.com','닉네임','0514c0cce19995dfa3783c1e4a4d42a5ede05278a51d91e6093d27b6b665b9e0','bHbOqqNa','ROLE_USER'),('gkssk6277@naver.com','싸피당장해킹','fb6e7fa83c38e175b7cb35cc2d2653588857e112955f15f4b47401e285187496','xlQuKV81','ROLE_USER'),('gyumin.q.lee@gmail.com','이규민','f296f58e86b84c05c93b48450e31ea2662f7d5fd2802aac7c07b64b491830389','PSwUBZBu','ROLE_USER'),('haengsong@naver.com','햄솜','45b4bd528296e35d8be98658a1e2e51b6c112d627f22e591d8df8b7f23435dc2','1EnlCAx1','ROLE_USER'),('handh0519@naver.com','408','6c7daeb3fbb1142caa27f58f64fb5f36a05fa7777c8184ab29f74ea2ffad461d','3MnyQ1IN','ROLE_USER'),('ho6778@naver.com','turtlebooster','5f4f90e82ef79fde4060b6eaed09d203aabb03ec919d19c08cb7a3cff8ae4122','rLIsIFBo','ROLE_USER'),('hoodies','hoodies','d0e53e85cd90962ef0180405b22d9c44fed622606687fe4df9b449d7d032ed45','MOSlrLcl','ROLE_USER'),('hsh102103@naver.com','123123123','d61e141e7f8776bc3c04945590987e37a2b1f0300a6ce815fb5913f7c3607d7c','M6JZn83j','ROLE_USER'),('hyun722ls@gmail.com','대장','ec85681fc25f1e96bd6f57074bf2934c85da2760a724b67d66f2a4b0c6de26bf','KFbaCrEo','ROLE_USER'),('inoh0914@gmail.com','콩','45870af5673a8eb5c7c0f7549cd82c402224a0c92939e77a045d3b57b7b5b857','Min2vebM','ROLE_USER'),('janfar@naver.com','rickandmorty','c9c0c7d9c556955c4f93cab06fae699f96a1be1d817e31d8db4f455e5c681864','wOtywDzs','ROLE_USER'),('jihun3104@gnail.com','광주','c44075129d5749f05f84090867f64923497c704743514074e0be9a555efb1fcc','KAxohmBh','ROLE_USER'),('joungsu9876@naver.com','크리','694e5b37d127573dabd0743c19acdc47f421d84ca982086b61658384cd4835e5','m0C9537k','ROLE_USER'),('kdw508@naver.com','빵빵이','cf22c68ce68b49c100499739df577ff2c150fcf6e0f72b44af575786b32737ad','Shr11F3Q','ROLE_USER'),('kms940125@hanmail.net','말하는감자','33b01f2c9250f8ee27fbbebb9758a3a2bec9ed7ece513f73726cca44c53e06c7','3OohhxV3','ROLE_USER'),('megahawk88@gmail.com','???','b5b552fa325375b8491880fe4885dca0fb5a98bc1d6b3721f034b34da7092f9a','2Kdumihq','ROLE_USER'),('mingyu1218@naver.com','후후후','af01f95b4d50da47b265f59e863bcba8f4a4611559ead78d27d4d9a8b92e854c','Fmb3mgtQ','ROLE_USER'),('mon2210@naver.com','얄루','fc5fe97e278637604e667634968bbef9c2d24dc376cb6e9543e4da6750170ca3','p1po9qpD','ROLE_USER'),('msg0125@naver.com','기저기','0701be6e69b90f1bda54b65c3d13c4cb2c346068d633232c3ae9f5494f9e5af2','uklU2zYT','ROLE_USER'),('oct301@naver.com','adminn','81e2faa8fe6ea79ff867d3ad13de265bd3fb9ee1ac2bd87a4228f73c7e1c736d','7715dV53','ROLE_USER'),('ok_or@naver.com','마포뺑돌이','098917704bf33ec4091e89c8a2e16e4c153bcee9e16c9e05ceaf0268d8ed4a2c','BJ9PWi2U','ROLE_USER'),('ororwnstlr@naver.com','사탕주세요','6b3600622843fb5d4088aefcbdeb9044279e6503d9cd32b7b36f1dba292cedc6','tX0oREEq','ROLE_USER'),('psm7335@naver.com','하이','62a971b794be7472f0e1581f6bd60ab0ca9ce08691536bd61579a9c68b27bdc1','gWonBB0c','ROLE_USER'),('qoqls1212@naver.com','이우현','0a4332d769a704485aa11a603a855a07587c3bc6058439de6a9a14633e82f9d0','mUalqPq8','ROLE_USER'),('relajar@naver.com','relajar','104908cbe5018e08f533300e227f00de216ac2c9bbd8bc2dac7050d82bdea848','a8zDxDvk','ROLE_USER'),('rlatldjs123@gmail.com','tionbary','bb30fee98daac8fa733173a93b8a65d97f461f9ae4c72860e0abf611e8b8a3e5','xuOlMMUI','ROLE_USER'),('saorin12@naver.com','HardQA','f763fce87de7dc6e721370500156df63fdd22f5445f42eb18310aa00967cb99a','QNLWwS5G','ROLE_USER'),('seoktak123@gmail.com','임현탁','8ea9946fcfe2c02784c5531bcf0d36583e6b342780cbe936b113581e4a1ab167','z7q8RwCI','ROLE_USER'),('snw4002@naver.com','수콩','49bbf9b73763f7e3a9a0c0bb693708e7f48611f8c584b466fc94a2421441c9a4','EWRwpKEP','ROLE_USER'),('ssafy_coach_66@ssafy.com','당','c651371247bf9ccbdd765d0eb345ccd3c1fab8a4f7dd20fed2df16ecbefb5418','kI0g6H8Y','ROLE_USER'),('ssafy_coach_72@ssafy.com','난알아요','087d24924e8dece75c69d2a67f958692ff00a0032ecf3896dc4fa60ea7305de4','GhhwedOT','ROLE_USER'),('ssafy_coach_85@ssafy.com','hoho','186b05b08d6bb344d5d06ca5c79c5c90cbce5c1c9dc038886986d47028474b47','gnTlzuKk','ROLE_USER'),('tevem1207@gmail.com','황태희','01ee45eb4774fe858add47f072a325fe741354ff5eb3030efe476450a8d131b2','Ec2ctv14','ROLE_USER'),('today731@naver.com','하랑','7fe611a6c30ecd3a3f08ab6b2a3c8db300d13d0472551750f11d6a0318de0547','bwejSSeP','ROLE_USER'),('whrudtn9727@naver.com','경수','27813d3a7bcfa87423530470d29dea268c20fbd500d0a5bd553a0b33a36c0cbe','mCDUoOOu','ROLE_USER'),('wjdgus9596@gmail.com','ddd','487c4e4cecf6b07f27c771debee6e318af4d96b70b727e3f5fe0b5e25d5f6002','qwuHnbxM','ROLE_USER'),('wlgnstjd0717@gmail.com','slrspdla','2ccf6c4b9550fa06794c1eea9ae62e9c6c3323f23d9de0a53d837efa64fd1fc5','By1ApS0O','ROLE_USER'),('woosi96@naver.com','메타몽','0414cf181777faac2c5e23b86f76228568cc6418e193021c41357ded3b874b74','4aT0jG0g','ROLE_USER'),('yi_jonghoon@naver.com','유태영','79568d55c704e49a86d4abd1f97ad2a10cc3a8e0b3b0a98370bb1884025645c4','GYMkbpht','ROLE_USER'),('관리자','관리자','c4123c9b2646805d77bad23390bb1da97966dbb2beaa8656658f90d08a4f7945','WJNP2rqB','ROLE_USER'),('운영자','운영자','b4e4eae99d5923c1a585e3657a68b5225821d26c206e4a06f077340299dfd0dc','ZBn2CkWf','ROLE_USER'),('후디스','후디스','71ae317f6cf594a7e663791e09f3233a6b28870468a9fe0cab7db9830ce1a4ff','UTAGSiSi','ROLE_USER');
/*!40000 ALTER TABLE `user` ENABLE KEYS */;
UNLOCK TABLES;
/*!40103 SET TIME_ZONE=@OLD_TIME_ZONE */;

/*!40101 SET SQL_MODE=@OLD_SQL_MODE */;
/*!40014 SET FOREIGN_KEY_CHECKS=@OLD_FOREIGN_KEY_CHECKS */;
/*!40014 SET UNIQUE_CHECKS=@OLD_UNIQUE_CHECKS */;
/*!40101 SET CHARACTER_SET_CLIENT=@OLD_CHARACTER_SET_CLIENT */;
/*!40101 SET CHARACTER_SET_RESULTS=@OLD_CHARACTER_SET_RESULTS */;
/*!40101 SET COLLATION_CONNECTION=@OLD_COLLATION_CONNECTION */;
/*!40111 SET SQL_NOTES=@OLD_SQL_NOTES */;

-- Dump completed on 2022-11-18 16:17:19


-- MySQL dump 10.13  Distrib 8.0.21, for Win64 (x86_64)
--
-- Host: k7a402.p.ssafy.io    Database: hoodies
-- ------------------------------------------------------
-- Server version	8.0.31

/*!40101 SET @OLD_CHARACTER_SET_CLIENT=@@CHARACTER_SET_CLIENT */;
/*!40101 SET @OLD_CHARACTER_SET_RESULTS=@@CHARACTER_SET_RESULTS */;
/*!40101 SET @OLD_COLLATION_CONNECTION=@@COLLATION_CONNECTION */;
/*!50503 SET NAMES utf8 */;
/*!40103 SET @OLD_TIME_ZONE=@@TIME_ZONE */;
/*!40103 SET TIME_ZONE='+00:00' */;
/*!40014 SET @OLD_UNIQUE_CHECKS=@@UNIQUE_CHECKS, UNIQUE_CHECKS=0 */;
/*!40014 SET @OLD_FOREIGN_KEY_CHECKS=@@FOREIGN_KEY_CHECKS, FOREIGN_KEY_CHECKS=0 */;
/*!40101 SET @OLD_SQL_MODE=@@SQL_MODE, SQL_MODE='NO_AUTO_VALUE_ON_ZERO' */;
/*!40111 SET @OLD_SQL_NOTES=@@SQL_NOTES, SQL_NOTES=0 */;

--
-- Table structure for table `userauth`
--

DROP TABLE IF EXISTS `userauth`;
/*!40101 SET @saved_cs_client     = @@character_set_client */;
/*!50503 SET character_set_client = utf8mb4 */;
CREATE TABLE `userauth` (
  `email` varchar(255) NOT NULL,
  `authcode` varchar(255) DEFAULT NULL,
  `time` datetime(6) DEFAULT NULL,
  `authflag` bit(1) NOT NULL,
  PRIMARY KEY (`email`)
) ENGINE=InnoDB DEFAULT CHARSET=utf8mb4 COLLATE=utf8mb4_0900_ai_ci;
/*!40101 SET character_set_client = @saved_cs_client */;

--
-- Dumping data for table `userauth`
--

LOCK TABLES `userauth` WRITE;
/*!40000 ALTER TABLE `userauth` DISABLE KEYS */;
INSERT INTO `userauth` VALUES ('5032303000@naver.com','dCRASOWl','2022-11-08 11:31:17.506000',_binary ''),('7gi_coach03@ssafy.com','Epfe2Buk','2022-11-08 12:58:06.082000',_binary '\0'),('7gi_coach04@ssafy.com','Rx5zCdww','2022-11-08 14:08:59.055000',_binary ''),('7gi_coach05@ssafy.com','S1dRDV82','2022-11-10 10:58:29.737000',_binary ''),('7gi_coach06@ssafy.com','mVrfJViL','2022-11-08 13:17:22.171000',_binary ''),('7gi_coach08@ssafy.com','FQ0DtJpb','2022-11-08 12:49:22.017000',_binary ''),('7gi_coach10@ssafy.com','ORy211Wv','2022-11-08 13:36:01.529000',_binary ''),('7gi_coach11@ssafy.com','PRgrqVDE','2022-11-08 13:00:12.021000',_binary ''),('7gi_coach12@ssafy.com','hlFthqUI','2022-11-08 12:59:07.720000',_binary ''),('adokids2@gmail.com','SjneodLC','2022-11-08 12:05:26.309000',_binary ''),('aklsjd7380@naver.com','xVqMb0WW','2022-11-08 11:42:33.319000',_binary ''),('bem2183@naver.com','WW26vYih','2022-11-08 11:26:44.819000',_binary ''),('bljh1008@naver.com','zvTersRS','2022-11-08 11:29:46.499000',_binary ''),('bona17@naver.com','GRwjbtv7','2022-11-08 14:56:52.196000',_binary ''),('chaemj97@gmail.com','epDhjFnZ','2022-11-08 12:41:00.283000',_binary ''),('coolihans@naver.com','KCbmAxOG','2022-11-08 12:46:47.780000',_binary ''),('csljoke@naver.com','iAVUJqep','2022-11-08 19:58:28.962000',_binary '\0'),('dannba1@naver.com','0JO7C4LT','2022-11-08 11:54:42.960000',_binary ''),('dheldh20@gmail.com','kfQ4e4oe','2022-11-08 13:26:00.494000',_binary ''),('dksk1233@naver.com','yPOpM8xG','2022-11-08 13:00:24.175000',_binary ''),('dlghdwn10@naver.com','KeZiQ4tm','2022-11-16 16:50:48.740000',_binary ''),('ducky_313@naver.com','87hrIAot','2022-11-08 14:03:16.365000',_binary ''),('dyl1229@naver.com','HKhEfJWI','2022-11-08 12:03:31.070000',_binary ''),('gkssk6277@naver.com','TkjCTuvt','2022-11-08 12:53:40.572000',_binary ''),('gyumin.q.lee@gmail.com','CJ2PlQwZ','2022-11-16 12:29:50.873000',_binary ''),('haengsong@naver.com','C5TwpqDr','2022-11-08 12:13:00.981000',_binary ''),('handh0519@naver.com','UM9mA37J','2022-11-08 13:02:05.860000',_binary ''),('ho6778@naver.com','COuCmhOH','2022-11-08 11:31:24.890000',_binary ''),('hsh102103@naver.com','Q8ADiLAR','2022-11-08 12:30:45.821000',_binary ''),('hyun722ls@gmail.com','KfCdDiVB','2022-11-18 15:29:51.891000',_binary '\0'),('inoh0914@gmail.com','mt99OBQs','2022-11-08 13:21:43.696000',_binary ''),('janfar@naver.com','CwyWmmYl','2022-11-08 12:34:30.964000',_binary ''),('jihun3104@gnail.com','U8xFK23J','2022-11-08 11:25:38.447000',_binary ''),('joungsu9876@naver.com','qT8AfbRt','2022-11-10 16:20:10.951000',_binary ''),('kdw508@naver.com','iPX0jwtJ','2022-11-08 13:33:21.195000',_binary ''),('kms940125@hanmail.net','VZdPRXdO','2022-11-08 11:12:22.346000',_binary ''),('megahawk88@gmail.com','B03FT8N5','2022-11-08 10:54:00.149000',_binary ''),('mingyu1218@naver.com','E0oEQ2eK','2022-11-08 12:25:38.464000',_binary ''),('mon2210@naver.com','hVZef76u','2022-11-10 16:22:10.992000',_binary ''),('msg0125@naver.com','PGiyf2Bt','2022-11-08 11:43:14.275000',_binary ''),('oct301@naver.com','qU9zdLuL','2022-11-08 13:14:22.455000',_binary ''),('ororwnstlr@naver.com','F1CWxJqY','2022-11-18 15:40:24.785000',_binary ''),('psm7335@naver.com','ewhlLXOI','2022-11-17 14:04:11.245000',_binary ''),('qoqls1212@naver.com','lC6kHqqC','2022-11-08 11:56:33.263000',_binary ''),('relajar@naver.com','xAk1Lw2v','2022-11-18 10:41:55.017000',_binary '\0'),('rlatldjs123@gmail.com','uEFgrH0k','2022-11-08 14:08:49.014000',_binary ''),('saorin12@naver.com','krKTK8oI','2022-11-08 13:13:55.440000',_binary ''),('seoktak123@gmail.com','Mmprv9dN','2022-11-08 12:59:17.172000',_binary ''),('snw4002@naver.com','eIlC6d89','2022-11-08 11:29:30.539000',_binary ''),('ssafy_coach_66@ssafy.com','VZrB1Wyp','2022-11-08 12:48:40.794000',_binary ''),('ssafy_coach_72@ssafy.com','W4ZzG26B','2022-11-08 11:31:17.870000',_binary ''),('ssafy_coach_85@ssafy.com','ShgzgVHu','2022-11-08 12:58:26.920000',_binary ''),('tevem1207@gmail.com','1sJmvGde','2022-11-08 12:30:56.252000',_binary ''),('today731@naver.com','OB5au1K6','2022-11-08 11:44:12.972000',_binary ''),('whrudtn9727@naver.com','kQXqpTnU','2022-11-08 13:00:18.880000',_binary ''),('wjdgus9596@gmail.com','QAs6K9Ck','2022-11-08 13:50:16.501000',_binary ''),('wlgnstjd0717@gmail.com','1xOn2ISl','2022-11-08 12:24:50.579000',_binary ''),('woosi96@naver.com','sCKcELFy','2022-11-08 11:36:46.997000',_binary ''),('yi_jonghoon@naver.com','KKIu2exZ','2022-11-08 11:31:38.174000',_binary '');
/*!40000 ALTER TABLE `userauth` ENABLE KEYS */;
UNLOCK TABLES;
/*!40103 SET TIME_ZONE=@OLD_TIME_ZONE */;

/*!40101 SET SQL_MODE=@OLD_SQL_MODE */;
/*!40014 SET FOREIGN_KEY_CHECKS=@OLD_FOREIGN_KEY_CHECKS */;
/*!40014 SET UNIQUE_CHECKS=@OLD_UNIQUE_CHECKS */;
/*!40101 SET CHARACTER_SET_CLIENT=@OLD_CHARACTER_SET_CLIENT */;
/*!40101 SET CHARACTER_SET_RESULTS=@OLD_CHARACTER_SET_RESULTS */;
/*!40101 SET COLLATION_CONNECTION=@OLD_COLLATION_CONNECTION */;
/*!40111 SET SQL_NOTES=@OLD_SQL_NOTES */;

-- Dump completed on 2022-11-18 16:17:20


-- MySQL dump 10.13  Distrib 8.0.21, for Win64 (x86_64)
--
-- Host: k7a402.p.ssafy.io    Database: hoodies
-- ------------------------------------------------------
-- Server version	8.0.31

/*!40101 SET @OLD_CHARACTER_SET_CLIENT=@@CHARACTER_SET_CLIENT */;
/*!40101 SET @OLD_CHARACTER_SET_RESULTS=@@CHARACTER_SET_RESULTS */;
/*!40101 SET @OLD_COLLATION_CONNECTION=@@COLLATION_CONNECTION */;
/*!50503 SET NAMES utf8 */;
/*!40103 SET @OLD_TIME_ZONE=@@TIME_ZONE */;
/*!40103 SET TIME_ZONE='+00:00' */;
/*!40014 SET @OLD_UNIQUE_CHECKS=@@UNIQUE_CHECKS, UNIQUE_CHECKS=0 */;
/*!40014 SET @OLD_FOREIGN_KEY_CHECKS=@@FOREIGN_KEY_CHECKS, FOREIGN_KEY_CHECKS=0 */;
/*!40101 SET @OLD_SQL_MODE=@@SQL_MODE, SQL_MODE='NO_AUTO_VALUE_ON_ZERO' */;
/*!40111 SET @OLD_SQL_NOTES=@@SQL_NOTES, SQL_NOTES=0 */;

--
-- Table structure for table `token`
--

DROP TABLE IF EXISTS `token`;
/*!40101 SET @saved_cs_client     = @@character_set_client */;
/*!50503 SET character_set_client = utf8mb4 */;
CREATE TABLE `token` (
  `email` varchar(255) NOT NULL,
  `access_token` varchar(255) DEFAULT NULL,
  `refresh_token` varchar(255) DEFAULT NULL,
  PRIMARY KEY (`email`)
) ENGINE=InnoDB DEFAULT CHARSET=utf8mb4 COLLATE=utf8mb4_0900_ai_ci;
/*!40101 SET character_set_client = @saved_cs_client */;

--
-- Dumping data for table `token`
--

LOCK TABLES `token` WRITE;
/*!40000 ALTER TABLE `token` DISABLE KEYS */;
INSERT INTO `token` VALUES ('5032303000@naver.com','eyJ0eXAiOiJKV1QiLCJhbGciOiJIUzI1NiJ9.eyJzdWIiOiJ0b2tlbiIsImVtYWlsIjoiNTAzMjMwMzAwMEBuYXZlci5jb20iLCJyb2xlIjoiUk9MRV9VU0VSIiwiZXhwIjoxNjY4NjQ4MTkzfQ.YSCg0MeSNZ0uqCEa8NwXJ_ZtPrLWyoR4dfdRlGiVlu0','eyJhbGciOiJIUzI1NiJ9.eyJleHAiOjE2Njg2Njg3NDJ9.TcDX-lWdC2vzu7WWQRRt01Z9I4NB96g0lDWmHzbwZe8'),('7gi_coach05@ssafy.com','eyJ0eXAiOiJKV1QiLCJhbGciOiJIUzI1NiJ9.eyJzdWIiOiJ0b2tlbiIsImVtYWlsIjoiN2dpX2NvYWNoMDVAc3NhZnkuY29tIiwicm9sZSI6IlJPTEVfVVNFUiIsImV4cCI6MTY2ODA0ODk3N30.mHJAJOosGWmP8jQKBiaiJ0nIBe8wRdJ_Pex1cdWF944','eyJhbGciOiJIUzI1NiJ9.eyJleHAiOjE2NjgxMzE3Nzd9.lZzydx3hhq9zNiKKxm-nPeOBRT8mOEV-NcGajxbKiSk'),('7gi_coach06@ssafy.com','eyJ0eXAiOiJKV1QiLCJhbGciOiJIUzI1NiJ9.eyJzdWIiOiJ0b2tlbiIsImVtYWlsIjoiN2dpX2NvYWNoMDZAc3NhZnkuY29tIiwicm9sZSI6IlJPTEVfVVNFUiIsImV4cCI6MTY2ODE1MDEwNn0.k_tTsdOeRB2tyHZ46_aFMgI6RQzoAIj3EfxJgDLjsFo','eyJhbGciOiJIUzI1NiJ9.eyJleHAiOjE2NjgyMzI5MDZ9.Gj_X3VrplHISE4vDNrUALJDS8AppVW75nRXNUvR2Lpw'),('7gi_coach08@ssafy.com','eyJ0eXAiOiJKV1QiLCJhbGciOiJIUzI1NiJ9.eyJzdWIiOiJ0b2tlbiIsImVtYWlsIjoiN2dpX2NvYWNoMDhAc3NhZnkuY29tIiwicm9sZSI6IlJPTEVfVVNFUiIsImV4cCI6MTY2ODU5MDY1NX0.2Gbb84H_N2FnFjL5Zxcni-CaYGGWJ6LN2Q5QcYx0cI8','eyJhbGciOiJIUzI1NiJ9.eyJleHAiOjE2Njg2NzM0NTV9.I2QBFYDSut-1mNg8pxBRsPo9dnzgyNQbEBlyKnA0-kE'),('7gi_coach10@ssafy.com','eyJ0eXAiOiJKV1QiLCJhbGciOiJIUzI1NiJ9.eyJzdWIiOiJ0b2tlbiIsImVtYWlsIjoiN2dpX2NvYWNoMTBAc3NhZnkuY29tIiwicm9sZSI6IlJPTEVfVVNFUiIsImV4cCI6MTY2Nzk2MjMxM30.gIbXxr70L_X-YpGmAcFNRCG9XcRPdDTn2yljPfMtiVI','eyJhbGciOiJIUzI1NiJ9.eyJleHAiOjE2Njc5Njg0MDd9.Tg4eXGoeYYOaQFlXoV5nNnjjFyZM-CEfoSjGsB_7Jp0'),('7gi_coach11@ssafy.com','eyJ0eXAiOiJKV1QiLCJhbGciOiJIUzI1NiJ9.eyJzdWIiOiJ0b2tlbiIsImVtYWlsIjoiN2dpX2NvYWNoMTFAc3NhZnkuY29tIiwicm9sZSI6IlJPTEVfVVNFUiIsImV4cCI6MTY2ODU4NjEwMX0.WsY7c9BjNzeN1BPQf0xnFIti9agTibwzsIKOlWUgIsk','eyJhbGciOiJIUzI1NiJ9.eyJleHAiOjE2Njg2NDM2MDJ9.bYrUFxolDvLuRr5drjeIXsyQIIzZCuF5i49gZprItG4'),('7gi_coach12@ssafy.com','eyJ0eXAiOiJKV1QiLCJhbGciOiJIUzI1NiJ9.eyJzdWIiOiJ0b2tlbiIsImVtYWlsIjoiN2dpX2NvYWNoMTJAc3NhZnkuY29tIiwicm9sZSI6IlJPTEVfVVNFUiIsImV4cCI6MTY2Nzg5MzExNn0.j5SOQFmfTeJW7WOvm5L9Bavs7BZMUqys_Y4YRKqc-hw','eyJhbGciOiJIUzI1NiJ9.eyJleHAiOjE2Njc5NjYyMDJ9.AlLUeS93X8KH6tUvkL6eyMfaLFlvM6Hg48FNKVaB4cg'),('adokids2@gmail.com','eyJ0eXAiOiJKV1QiLCJhbGciOiJIUzI1NiJ9.eyJzdWIiOiJ0b2tlbiIsImVtYWlsIjoiYWRva2lkczJAZ21haWwuY29tIiwicm9sZSI6IlJPTEVfVVNFUiIsImV4cCI6MTY2Nzg4MDE3M30.XoqIjtPRcjRBxy1iPk7pNaz48vC-UInc2WTamBSM9cE','eyJhbGciOiJIUzI1NiJ9.eyJleHAiOjE2Njc5NjI5NzN9.xUgUkXv6beorFF4ytgewdk18rlH6X37aK9BHYB_UYpM'),('aklsjd7380@naver.com','eyJ0eXAiOiJKV1QiLCJhbGciOiJIUzI1NiJ9.eyJzdWIiOiJ0b2tlbiIsImVtYWlsIjoiYWtsc2pkNzM4MEBuYXZlci5jb20iLCJyb2xlIjoiUk9MRV9VU0VSIiwiZXhwIjoxNjY3OTU3NzkzfQ.eedpkeYo-TsP80pmYlFllENYqd5KeyewvAu79QmI4nA','eyJhbGciOiJIUzI1NiJ9.eyJleHAiOjE2Njc5NjE1OTB9.2BBh30EVd9c7Q0i3qEZKtYmYzxtBLpYGJxiU-4LwB4c'),('arza@naver.com','eyJ0eXAiOiJKV1QiLCJhbGciOiJIUzI1NiJ9.eyJzdWIiOiJ0b2tlbiIsImVtYWlsIjoiYXJ6YUBuYXZlci5jb20iLCJyb2xlIjoiUk9MRV9VU0VSIiwiZXhwIjoxNjY4NzU1NDkxfQ.85oD_9xW-v6SFyclc-ZZSl7oWkYBNqSC0v1u47ggY7g','eyJhbGciOiJIUzI1NiJ9.eyJleHAiOjE2Njg4MTY1MDR9.pO549mQhjaEZBoPwmeXi_tDjRcZd2zG9gwHwKdExGPg'),('bem2183@naver.com','eyJ0eXAiOiJKV1QiLCJhbGciOiJIUzI1NiJ9.eyJzdWIiOiJ0b2tlbiIsImVtYWlsIjoiYmVtMjE4M0BuYXZlci5jb20iLCJyb2xlIjoiUk9MRV9VU0VSIiwiZXhwIjoxNjY3ODkxNTQyfQ.BBMNpd9hk3qshy_8z7WtsnwNmBnCsd839JNwJ7knpfU','eyJhbGciOiJIUzI1NiJ9.eyJleHAiOjE2Njc5NjA2Mzh9.wVgkmfkXEpgdQ7FysJFOd72a9pje9xcPDriObCwyhFo'),('bljh1008@naver.com','eyJ0eXAiOiJKV1QiLCJhbGciOiJIUzI1NiJ9.eyJzdWIiOiJ0b2tlbiIsImVtYWlsIjoiYmxqaDEwMDhAbmF2ZXIuY29tIiwicm9sZSI6IlJPTEVfVVNFUiIsImV4cCI6MTY2Nzg3ODAyMH0.rh_3kCIWxbVRcAvuEPOOsKmpt4Lop0LoVVQeQhonm9w','eyJhbGciOiJIUzI1NiJ9.eyJleHAiOjE2Njc5NjA4MjB9.BtmnhdX-Gfc-nphpemaYZ3IuFGvmwn8iwqiKX56ZAX4'),('bona17@naver.com','eyJ0eXAiOiJKV1QiLCJhbGciOiJIUzI1NiJ9.eyJzdWIiOiJ0b2tlbiIsImVtYWlsIjoiYm9uYTE3QG5hdmVyLmNvbSIsInJvbGUiOiJST0xFX1VTRVIiLCJleHAiOjE2Njc4OTA0NDJ9.p-pdPdeGPOIJmO2OXTv-g0OZ7q7Vx4S76OGiu3Lhi44','eyJhbGciOiJIUzI1NiJ9.eyJleHAiOjE2Njc5NzMyNDJ9.e8IiWCIcNkVII-QE1u5dNL7lbux2hS96DKErZhN7NDg'),('chaemj97@gmail.com','eyJ0eXAiOiJKV1QiLCJhbGciOiJIUzI1NiJ9.eyJzdWIiOiJ0b2tlbiIsImVtYWlsIjoiY2hhZW1qOTdAZ21haWwuY29tIiwicm9sZSI6IlJPTEVfVVNFUiIsImV4cCI6MTY2Nzg4MjQwNH0.qD8oaFe4wwToD2klr8rdoAX83VD7Sw9iBXqEMWPL7eg','eyJhbGciOiJIUzI1NiJ9.eyJleHAiOjE2Njc5NjUyMDR9.oqUgP5FvqxJ5DeXo9IzL1lsFKkB0jDOg3bdr-yanLBo'),('coolihans@naver.com','eyJ0eXAiOiJKV1QiLCJhbGciOiJIUzI1NiJ9.eyJzdWIiOiJ0b2tlbiIsImVtYWlsIjoiY29vbGloYW5zQG5hdmVyLmNvbSIsInJvbGUiOiJST0xFX1VTRVIiLCJleHAiOjE2Njc4ODI2NTJ9.P4UrMWa0-zr9NALqiIY997VBcoxXHmWth22JjcZM9NY','eyJhbGciOiJIUzI1NiJ9.eyJleHAiOjE2Njc5NjU0NTJ9.FG4X2Z9Smd1Jv7fuX6EkStdBiC_FOYy0JwY9gMM1cZY'),('dannba1@naver.com','eyJ0eXAiOiJKV1QiLCJhbGciOiJIUzI1NiJ9.eyJzdWIiOiJ0b2tlbiIsImVtYWlsIjoiZGFubmJhMUBuYXZlci5jb20iLCJyb2xlIjoiUk9MRV9VU0VSIiwiZXhwIjoxNjY4Mzg1OTQxfQ.ow4UFLA7oskOOqn4gOm0F92BD6T2dNVYX8JAgIIXd5I','eyJhbGciOiJIUzI1NiJ9.eyJleHAiOjE2Njg0Njg3NDF9.UV4Zyb8mCiwFI7-3NIXRNtLog6sBoTq2cjPy6L4_ccI'),('dlghdwn10@naver.com','eyJ0eXAiOiJKV1QiLCJhbGciOiJIUzI1NiJ9.eyJzdWIiOiJ0b2tlbiIsImVtYWlsIjoiZGxnaGR3bjEwQG5hdmVyLmNvbSIsInJvbGUiOiJST0xFX1VTRVIiLCJleHAiOjE2Njg1ODg0ODZ9.9VFlmuYCPcIhVo0SOkdSZD9KCe53h9j7HI1XvYfmRGo','eyJhbGciOiJIUzI1NiJ9.eyJleHAiOjE2Njg2NzEyODZ9.pPICMCQydB2bOikA2t3cZKYfbSy1mE32snhy7iActb0'),('ducky_313@naver.com','eyJ0eXAiOiJKV1QiLCJhbGciOiJIUzI1NiJ9.eyJzdWIiOiJ0b2tlbiIsImVtYWlsIjoiZHVja3lfMzEzQG5hdmVyLmNvbSIsInJvbGUiOiJST0xFX1VTRVIiLCJleHAiOjE2Njc4ODcyNTR9.Yi4_mOKDASJBLspueGsqLIlmDmclrBJA7Lcnb_uv9Eo','eyJhbGciOiJIUzI1NiJ9.eyJleHAiOjE2Njc5NzAwNTR9.ECKlnL4MhAVEldrdE_DwGweXHmS61BAULvdv4i60uIo'),('dyl1229@naver.com','eyJ0eXAiOiJKV1QiLCJhbGciOiJIUzI1NiJ9.eyJzdWIiOiJ0b2tlbiIsImVtYWlsIjoiZHlsMTIyOUBuYXZlci5jb20iLCJyb2xlIjoiUk9MRV9VU0VSIiwiZXhwIjoxNjY3ODgwMDY1fQ.tUcoJG5kX1Vkp3QbEvocOmcv0pu_0vFakQIVhBZPjO8','eyJhbGciOiJIUzI1NiJ9.eyJleHAiOjE2Njc5NjI4NjV9.yAvz3XeAHCM7M5Xh3OUVYi11ev0YH6oiA9T6LZ_busw'),('gkssk6277@naver.com','eyJ0eXAiOiJKV1QiLCJhbGciOiJIUzI1NiJ9.eyJzdWIiOiJ0b2tlbiIsImVtYWlsIjoiZ2tzc2s2Mjc3QG5hdmVyLmNvbSIsInJvbGUiOiJST0xFX1VTRVIiLCJleHAiOjE2Njc4ODMwODl9._G4tyQWCBXTU0HhnxzoSRQtQh4msI-Gu33Zfd95osp8','eyJhbGciOiJIUzI1NiJ9.eyJleHAiOjE2Njc5NjU4ODl9.x0w9neHj6A5nex-Z6xd2hjXzVrBL6p4EG-8OHQ7ZM98'),('gyumin.q.lee@gmail.com','eyJ0eXAiOiJKV1QiLCJhbGciOiJIUzI1NiJ9.eyJzdWIiOiJ0b2tlbiIsImVtYWlsIjoiZ3l1bWluLnEubGVlQGdtYWlsLmNvbSIsInJvbGUiOiJST0xFX1VTRVIiLCJleHAiOjE2Njg1NzI4NDZ9.nz5Wb0n1zkuMy0z7dWOOxzYws2ME1rp-tNtEewhRR6A','eyJhbGciOiJIUzI1NiJ9.eyJleHAiOjE2Njg2NTU2NDZ9.byFGP8-qpHyEc-cvvjEdd7TuCAd9wCxFfQXxW_Bhcdg'),('haengsong@naver.com','eyJ0eXAiOiJKV1QiLCJhbGciOiJIUzI1NiJ9.eyJzdWIiOiJ0b2tlbiIsImVtYWlsIjoiaGFlbmdzb25nQG5hdmVyLmNvbSIsInJvbGUiOiJST0xFX1VTRVIiLCJleHAiOjE2Njc4OTA0Njd9.dCwF7CMBd9nikK7qNSuw6JC9Nu5V-AFNDyUgpclN1eA','eyJhbGciOiJIUzI1NiJ9.eyJleHAiOjE2Njc5NjM0Mjl9.jmMFXU1qWZOFU6VdVqwtLh3H-_OYDv6J7pCt3DlpIk0'),('handh0519@naver.com','eyJ0eXAiOiJKV1QiLCJhbGciOiJIUzI1NiJ9.eyJzdWIiOiJ0b2tlbiIsImVtYWlsIjoiaGFuZGgwNTE5QG5hdmVyLmNvbSIsInJvbGUiOiJST0xFX1VTRVIiLCJleHAiOjE2NjgxNTYwNTR9.JbuPoxn_8exjY2HEpCVsq3eBC9hL75kS_goXAJ0gV_U','eyJhbGciOiJIUzI1NiJ9.eyJleHAiOjE2NjgxODUwOTJ9.d7QqTPIYxnmgLtbpFORlEIlM7zepmihwwJIdrr9r15Y'),('ho6778@naver.com','eyJ0eXAiOiJKV1QiLCJhbGciOiJIUzI1NiJ9.eyJzdWIiOiJ0b2tlbiIsImVtYWlsIjoiaG82Nzc4QG5hdmVyLmNvbSIsInJvbGUiOiJST0xFX1VTRVIiLCJleHAiOjE2Njc4NzgxMjN9.zwHVG8J5OF3hB_F1Q-gsBmFcznh70qOeKvLbe9sSnCA','eyJhbGciOiJIUzI1NiJ9.eyJleHAiOjE2Njc5NjA5MjN9.tb2EHJegwxN2pbtt6cfV7CUW9HrE-dLbaZFReZZf0WU'),('hsh102103@naver.com','eyJ0eXAiOiJKV1QiLCJhbGciOiJIUzI1NiJ9.eyJzdWIiOiJ0b2tlbiIsImVtYWlsIjoiaHNoMTAyMTAzQG5hdmVyLmNvbSIsInJvbGUiOiJST0xFX1VTRVIiLCJleHAiOjE2Njc4ODE2OTV9.EFGn9qvnaVJeEgvcviCano9Ol2waaICV61_Us_0Z-os','eyJhbGciOiJIUzI1NiJ9.eyJleHAiOjE2Njc5NjQ0OTV9.WIY5CeL-6FkWcmMqvf7Mz8Liyo4C86imQxyNF7dJgW0'),('hyun722ls@gmail.com','eyJ0eXAiOiJKV1QiLCJhbGciOiJIUzI1NiJ9.eyJzdWIiOiJ0b2tlbiIsImVtYWlsIjoiaHl1bjcyMmxzQGdtYWlsLmNvbSIsInJvbGUiOiJST0xFX1VTRVIiLCJleHAiOjE2Njg3NTY1NDN9.2ajdEoO4MeJUlbp63zIr7Ry9PauAgiToOYfNwA1QV2s','eyJhbGciOiJIUzI1NiJ9.eyJleHAiOjE2Njg4MzkzNDN9.Wa6rGBL-Q9udSojH7ipkjyoY4oTAbBj6vnATyT2j_9k'),('inoh0914@gmail.com','eyJ0eXAiOiJKV1QiLCJhbGciOiJIUzI1NiJ9.eyJzdWIiOiJ0b2tlbiIsImVtYWlsIjoiaW5vaDA5MTRAZ21haWwuY29tIiwicm9sZSI6IlJPTEVfVVNFUiIsImV4cCI6MTY2NzkwMTM1MX0.O9QoxFg_M23QMwLrXWYRLUnJeiaawHINWW_pO264WzM','eyJhbGciOiJIUzI1NiJ9.eyJleHAiOjE2Njc5Njc1MzR9.SqhuHSiC6fHHNhkwuCLFycONMV35-0lPgXYNHZJqUTs'),('janfar@naver.com','eyJ0eXAiOiJKV1QiLCJhbGciOiJIUzI1NiJ9.eyJzdWIiOiJ0b2tlbiIsImVtYWlsIjoiamFuZmFyQG5hdmVyLmNvbSIsInJvbGUiOiJST0xFX1VTRVIiLCJleHAiOjE2Njc4ODIwMDl9.xuGBtYwyQkhZE2N14YjtkeNhiE2iReCeRMf1hS8Z-iI','eyJhbGciOiJIUzI1NiJ9.eyJleHAiOjE2Njc5NjQ4MDl9.NtndKRcjYSchM5LJFxoN9-iaElwFSPyuM_nihQSn9vI'),('jihun3104@gnail.com','eyJ0eXAiOiJKV1QiLCJhbGciOiJIUzI1NiJ9.eyJzdWIiOiJ0b2tlbiIsImVtYWlsIjoiamlodW4zMTA0QGduYWlsLmNvbSIsInJvbGUiOiJST0xFX1VTRVIiLCJleHAiOjE2Njc4OTQzMzZ9.iqIBZhmyExTtd7j1o4UHc7FMsbn_HNHDytvWMCWKSTM','eyJhbGciOiJIUzI1NiJ9.eyJleHAiOjE2Njc5NjA1OTN9.xx0wIV4xAAoGpFDj1w9FsBZ-T88R3NTKmESSrrF-DcM'),('joungsu9876@naver.com','eyJ0eXAiOiJKV1QiLCJhbGciOiJIUzI1NiJ9.eyJzdWIiOiJ0b2tlbiIsImVtYWlsIjoiam91bmdzdTk4NzZAbmF2ZXIuY29tIiwicm9sZSI6IlJPTEVfVVNFUiIsImV4cCI6MTY2ODA2ODI0OH0.Uvz8QldPgNSAZsgnN-nnX6nlLgo7_X_sfo5reS4n3r8','eyJhbGciOiJIUzI1NiJ9.eyJleHAiOjE2NjgxNTEwNDh9.Q2sHgfYtDiRkpH5LeCb_obh9ne-KoJQoCMVTvhdS5Fc'),('megahawk88@gmail.com','eyJ0eXAiOiJKV1QiLCJhbGciOiJIUzI1NiJ9.eyJzdWIiOiJ0b2tlbiIsImVtYWlsIjoibWVnYWhhd2s4OEBnbWFpbC5jb20iLCJyb2xlIjoiUk9MRV9VU0VSIiwiZXhwIjoxNjY4NTY3ODQ2fQ.ENy1KxuWNpVZmY7DRDLEvIXVk28v7_yg2EPKKUsXtVY','eyJhbGciOiJIUzI1NiJ9.eyJleHAiOjE2Njg2NTA2NDZ9.a7J6MlV9Yer80Ztya_nAJG53JA3vmJE7M7pqBt1ePoE'),('mingyu1218@naver.com','eyJ0eXAiOiJKV1QiLCJhbGciOiJIUzI1NiJ9.eyJzdWIiOiJ0b2tlbiIsImVtYWlsIjoibWluZ3l1MTIxOEBuYXZlci5jb20iLCJyb2xlIjoiUk9MRV9VU0VSIiwiZXhwIjoxNjY3ODgxMzczfQ.yLnRU9ys8xvZ_caD9ATDg4TL3LPmwvMVNi9qcklwNJ8','eyJhbGciOiJIUzI1NiJ9.eyJleHAiOjE2Njc5NjQxNzN9.y_Xe4iMAawhqkeoEH2tJwvK9M2pboWg0It1kDHd29LY'),('msg0125@naver.com','eyJ0eXAiOiJKV1QiLCJhbGciOiJIUzI1NiJ9.eyJzdWIiOiJ0b2tlbiIsImVtYWlsIjoibXNnMDEyNUBuYXZlci5jb20iLCJyb2xlIjoiUk9MRV9VU0VSIiwiZXhwIjoxNjY3ODc4ODI5fQ.FCglQVwM2zGvnr_PjAkopsQhPuj-qm5uXE-AQriNsHE','eyJhbGciOiJIUzI1NiJ9.eyJleHAiOjE2Njc5NjE2Mjl9.pwJPmzmGjbfg_sQjwlT4xn-sc1Sapv8pDQal5nXwTTQ'),('oct301@naver.com','eyJ0eXAiOiJKV1QiLCJhbGciOiJIUzI1NiJ9.eyJzdWIiOiJ0b2tlbiIsImVtYWlsIjoib2N0MzAxQG5hdmVyLmNvbSIsInJvbGUiOiJST0xFX1VTRVIiLCJleHAiOjE2Njc4ODQzMDd9.yhedISSi4z90ksx3BsE7_lu6ouubtfHeF5gzaFHuz8A','eyJhbGciOiJIUzI1NiJ9.eyJleHAiOjE2Njc5NjcxMDd9.XA8qKsOsqPY6nphgbihdF684nJH3YJS51mqbYHcjO4s'),('ok_or@naver.com','eyJ0eXAiOiJKV1QiLCJhbGciOiJIUzI1NiJ9.eyJzdWIiOiJ0b2tlbiIsImVtYWlsIjoib2tfb3JAbmF2ZXIuY29tIiwicm9sZSI6IlJPTEVfVVNFUiIsImV4cCI6MTY2ODczNTgyMn0.B5t75n-d6VIDHVtS4h3lyNS8INrPe5WHkUVixjB89TA','eyJhbGciOiJIUzI1NiJ9.eyJleHAiOjE2Njg3ODE5Njd9.89hkR_sR2cuVeSiWM_6B6gbCDfxid2YLHqtGue6N8JE'),('ororwnstlr@naver.com','eyJ0eXAiOiJKV1QiLCJhbGciOiJIUzI1NiJ9.eyJzdWIiOiJ0b2tlbiIsImVtYWlsIjoib3Jvcnduc3RsckBuYXZlci5jb20iLCJyb2xlIjoiUk9MRV9VU0VSIiwiZXhwIjoxNjY4NzU3MzMwfQ.diV6AB3hG2pme-TP0vU_M-5L7CqXLE31kyu_2z_occo','eyJhbGciOiJIUzI1NiJ9.eyJleHAiOjE2Njg4NDAxMzB9.eihiYtEyfZp6F8sMZmLDNVjQQnOxhQ8CddnklPLcnXo'),('psm7335@naver.com','eyJ0eXAiOiJKV1QiLCJhbGciOiJIUzI1NiJ9.eyJzdWIiOiJ0b2tlbiIsImVtYWlsIjoicHNtNzMzNUBuYXZlci5jb20iLCJyb2xlIjoiUk9MRV9VU0VSIiwiZXhwIjoxNjY4NjY0ODk2fQ.Cuk39zycPjG2-ZOWl9mS5ixCHnWiQ1OvXMzGVGVMDE4','eyJhbGciOiJIUzI1NiJ9.eyJleHAiOjE2Njg3NDc2OTZ9.nwZBYmluUZKsrrN4YO3WTPBuqo4x7lmOfaTLwUCR8tE'),('qoqls1212@naver.com','eyJ0eXAiOiJKV1QiLCJhbGciOiJIUzI1NiJ9.eyJzdWIiOiJ0b2tlbiIsImVtYWlsIjoicW9xbHMxMjEyQG5hdmVyLmNvbSIsInJvbGUiOiJST0xFX1VTRVIiLCJleHAiOjE2Njg0OTUyMDR9.TggAiR9F7hJlKGDTRXVZRY_vta5vNev0yXCqWIA_MrI','eyJhbGciOiJIUzI1NiJ9.eyJleHAiOjE2Njg1NzgwMDR9.b65iNznaCWcYKGouWnK_dMyIHwgnIbkY6Cut1WNth3k'),('relajar@naver.com','eyJ0eXAiOiJKV1QiLCJhbGciOiJIUzI1NiJ9.eyJzdWIiOiJ0b2tlbiIsImVtYWlsIjoicmVsYWphckBuYXZlci5jb20iLCJyb2xlIjoiUk9MRV9VU0VSIiwiZXhwIjoxNjY4NzU1NTkyfQ.VIcJK0FtJYsrTS93byTNT3AXx1dXD70CZwWQCT3PYRc','eyJhbGciOiJIUzI1NiJ9.eyJleHAiOjE2Njg4MzgzOTJ9.UnjK1Yhl9Wj2u4kpV7XvwpYK5cKmU5rXr7bMqXM4DM4'),('rlatldjs123@gmail.com','eyJ0eXAiOiJKV1QiLCJhbGciOiJIUzI1NiJ9.eyJzdWIiOiJ0b2tlbiIsImVtYWlsIjoicmxhdGxkanMxMjNAZ21haWwuY29tIiwicm9sZSI6IlJPTEVfVVNFUiIsImV4cCI6MTY2Nzk2MzEyNn0._LXgFXEzNNWaedW6inWyThcEVM-kqcU03RwKqjKtCO0','eyJhbGciOiJIUzI1NiJ9.eyJleHAiOjE2Njc5NzQ1OTd9.ztLM1BoQkclEUYGcva8e-2ccCBFtGoVhL-e-9RLEWXY'),('saorin12@naver.com','eyJ0eXAiOiJKV1QiLCJhbGciOiJIUzI1NiJ9.eyJzdWIiOiJ0b2tlbiIsImVtYWlsIjoic2FvcmluMTJAbmF2ZXIuY29tIiwicm9sZSI6IlJPTEVfVVNFUiIsImV4cCI6MTY2Nzg5NDc5MH0.87poPgF3Xl8kPMIjZNiK_pukrbh2EFyBPfHM7qSS48w','eyJhbGciOiJIUzI1NiJ9.eyJleHAiOjE2Njc5Nzc1OTB9.tXpMFhmWqX0DZl3drtY_5GI3TcIwxjGM3zc_VfUVgjA'),('seoktak123@gmail.com','eyJ0eXAiOiJKV1QiLCJhbGciOiJIUzI1NiJ9.eyJzdWIiOiJ0b2tlbiIsImVtYWlsIjoic2Vva3RhazEyM0BnbWFpbC5jb20iLCJyb2xlIjoiUk9MRV9VU0VSIiwiZXhwIjoxNjY3ODgzMzkzfQ.lD3JjdcM-pnIF4E1d_bXHhGXS127BziRuM3uhSQb5Gk','eyJhbGciOiJIUzI1NiJ9.eyJleHAiOjE2Njc5NjYxOTN9.SKeZxi7_jZ34yW8Z3O3g4G128uSA1MRiWSmup5CvY1U'),('snw4002@naver.com','eyJ0eXAiOiJKV1QiLCJhbGciOiJIUzI1NiJ9.eyJzdWIiOiJ0b2tlbiIsImVtYWlsIjoic253NDAwMkBuYXZlci5jb20iLCJyb2xlIjoiUk9MRV9VU0VSIiwiZXhwIjoxNjY3ODc4MDA5fQ.Wi4dkhvj6oCLHUdoGTa2XYiOjIkY_Vu6qY75RCKN5pA','eyJhbGciOiJIUzI1NiJ9.eyJleHAiOjE2Njc5NjA4MDl9.dHn2WRqjhGOnMRIdYSzavRVrXelkI-tIGE0LvvUreRc'),('ssafy_coach_66@ssafy.com','eyJ0eXAiOiJKV1QiLCJhbGciOiJIUzI1NiJ9.eyJzdWIiOiJ0b2tlbiIsImVtYWlsIjoic3NhZnlfY29hY2hfNjZAc3NhZnkuY29tIiwicm9sZSI6IlJPTEVfVVNFUiIsImV4cCI6MTY2ODY1MTQzMH0.r5I1C8kHQqq8Z83pRK_vnDky1PFJBMFKzkp_puKb_-k','eyJhbGciOiJIUzI1NiJ9.eyJleHAiOjE2Njg3MzQyMzB9.kCsQo8iHKxYwGAnYxz76x0cuEQBr2CSVKguUISqneWo'),('ssafy_coach_72@ssafy.com','eyJ0eXAiOiJKV1QiLCJhbGciOiJIUzI1NiJ9.eyJzdWIiOiJ0b2tlbiIsImVtYWlsIjoic3NhZnlfY29hY2hfNzJAc3NhZnkuY29tIiwicm9sZSI6IlJPTEVfVVNFUiIsImV4cCI6MTY2Nzg4NzY2Mn0.uXTaYR8HnGhCMolP6OFY4J2u4I3h8o0k-ttt-52X3n8','eyJhbGciOiJIUzI1NiJ9.eyJleHAiOjE2Njc5NjA5MDl9.Hjl0lDcHSEGwFUGbKUoW_SRK-r5OarMrK3s9RJFvWDQ'),('ssafy_coach_85@ssafy.com','eyJ0eXAiOiJKV1QiLCJhbGciOiJIUzI1NiJ9.eyJzdWIiOiJ0b2tlbiIsImVtYWlsIjoic3NhZnlfY29hY2hfODVAc3NhZnkuY29tIiwicm9sZSI6IlJPTEVfVVNFUiIsImV4cCI6MTY2Nzk1NjQxOH0.2xZogaN5IDTEBnKhhaE8l9_0pOU3qYImSCo5phrONhk','eyJhbGciOiJIUzI1NiJ9.eyJleHAiOjE2Njc5NjYxNDd9.ttRSoOBzBYsZJG5-VZmlQ_yDrJcHx0y5BRUsX5JWKbg'),('tevem1207@gmail.com','eyJ0eXAiOiJKV1QiLCJhbGciOiJIUzI1NiJ9.eyJzdWIiOiJ0b2tlbiIsImVtYWlsIjoidGV2ZW0xMjA3QGdtYWlsLmNvbSIsInJvbGUiOiJST0xFX1VTRVIiLCJleHAiOjE2Njc4ODE3MTJ9.c5OgCsiotYFtF-Wgly_Y8l6D0hYLYXJ1PrXYuAGONvk','eyJhbGciOiJIUzI1NiJ9.eyJleHAiOjE2Njc5NjQ1MTJ9.CP3OAISxHTw-z1dPLJ1_yaERCDuWwTutoijb6z3Fr7k'),('whrudtn9727@naver.com','eyJ0eXAiOiJKV1QiLCJhbGciOiJIUzI1NiJ9.eyJzdWIiOiJ0b2tlbiIsImVtYWlsIjoid2hydWR0bjk3MjdAbmF2ZXIuY29tIiwicm9sZSI6IlJPTEVfVVNFUiIsImV4cCI6MTY2Nzg5ODMzMn0.tMUQYS_VB-0HuPmULNMlC9XmltOTxzgNBx7J5ON3tWo','eyJhbGciOiJIUzI1NiJ9.eyJleHAiOjE2Njc5NjYyNzR9.8XtNjuT2Onx92Ft0kICX5XmunXD-dA7dIbfKlN9wk0Q'),('wlgnstjd0717@gmail.com','eyJ0eXAiOiJKV1QiLCJhbGciOiJIUzI1NiJ9.eyJzdWIiOiJ0b2tlbiIsImVtYWlsIjoid2xnbnN0amQwNzE3QGdtYWlsLmNvbSIsInJvbGUiOiJST0xFX1VTRVIiLCJleHAiOjE2Njc4ODEzMjR9.MltN8muu2G-JWm5xkYQsigu37MyKL49mM1p_9Zx47l8','eyJhbGciOiJIUzI1NiJ9.eyJleHAiOjE2Njc5NjQxMjR9.eBEgEk6iLDA9M_AukLLtHcDDqeQEfYOApiRuXiOBNQY'),('woosi96@naver.com','eyJ0eXAiOiJKV1QiLCJhbGciOiJIUzI1NiJ9.eyJzdWIiOiJ0b2tlbiIsImVtYWlsIjoid29vc2k5NkBuYXZlci5jb20iLCJyb2xlIjoiUk9MRV9VU0VSIiwiZXhwIjoxNjY3ODg0NDQ3fQ.YHZju84v4OInlkK78JYHvjWrR5OcEXNl7PQGeQuhKp8','eyJhbGciOiJIUzI1NiJ9.eyJleHAiOjE2Njc5NjEyNDN9.efH-xgn8-haAHZkIwqOEGA26uRdnh7hCcXtYOWAxAIk'),('yi_jonghoon@naver.com','eyJ0eXAiOiJKV1QiLCJhbGciOiJIUzI1NiJ9.eyJzdWIiOiJ0b2tlbiIsImVtYWlsIjoieWlfam9uZ2hvb25AbmF2ZXIuY29tIiwicm9sZSI6IlJPTEVfVVNFUiIsImV4cCI6MTY2ODA0MzE1OH0.mWlgyJFAs-C1VR23p97EA8W4xRBF4wb51zV55M6-utU','eyJhbGciOiJIUzI1NiJ9.eyJleHAiOjE2NjgxMjU5NTh9.WXf_P8lFXCalZgXjhsBn9-HdlJb7UCV2ayR1MaHrnew');
/*!40000 ALTER TABLE `token` ENABLE KEYS */;
UNLOCK TABLES;
/*!40103 SET TIME_ZONE=@OLD_TIME_ZONE */;

/*!40101 SET SQL_MODE=@OLD_SQL_MODE */;
/*!40014 SET FOREIGN_KEY_CHECKS=@OLD_FOREIGN_KEY_CHECKS */;
/*!40014 SET UNIQUE_CHECKS=@OLD_UNIQUE_CHECKS */;
/*!40101 SET CHARACTER_SET_CLIENT=@OLD_CHARACTER_SET_CLIENT */;
/*!40101 SET CHARACTER_SET_RESULTS=@OLD_CHARACTER_SET_RESULTS */;
/*!40101 SET COLLATION_CONNECTION=@OLD_COLLATION_CONNECTION */;
/*!40111 SET SQL_NOTES=@OLD_SQL_NOTES */;

-- Dump completed on 2022-11-18 16:17:18
